"byr","iyr","eyr","hgt","hcl","ecl","pid","cid"
"1983","2015","2025","153","Yellow","Puce","189703931","DO"
"1993","2017","2027","186","Maroon","Aquamarine","255953488","BR"
"1970","2020","2030","208","Red","Khaki","464656193","FI"
"1998","2018","2028","174","Crimson","Puce","366959774","CO"
"2004","2017","2027","150","Teal","Fuscia","771481310","CN"
"2002","2016","2026","202","Khaki","Khaki","534639561","AL"
"1997","2022","2032","173","Turquoise","Green","706185332","IR"
"1992","2015","2025","171","","Violet","782218879","NP"
"1984","2021","2031","192","Turquoise","Orange","282159540","ID"
"1996","2013","2023","181","Pink","Fuscia","152559954","LI"
"1970","2017","2027","178","Maroon","Green","944879518","US"
"1972","2019","2029","167","","Blue","",""
"2001","2014","2024","175","","Green","440338831","JP"
"2004","2014","2024","177","Crimson","Yellow","462738854","RU"
"2001","2014","2024","202","Crimson","Indigo","239186115","MA"
"1991","2012","2022","199","Pink","Pink","557420911","US"
"1989","2012","2022","187","Turquoise","Aquamarine","489938274","KZ"
"1982","2021","2031","181","Crimson","Pink","609622674","ID"
"2002","2014","2024","159","Fuscia","Blue","747398552","MM"
"1998","2012","2022","209","Crimson","Puce","843055563","BW"
"1992","2014","2024","197","Violet","","107853299","PT"
"1985","2015","2025","177","Green","Crimson","144240771","CN"
"2001","2021","2031","187","Crimson","Fuscia","952530962","BR"
"1984","2017","2027","210","Maroon","Blue","","KG"
"1970","2021","2031","179","Yellow","Violet","873212406","CN"
"1981","2017","2027","165","Goldenrod","Green","120962870","PH"
"2001","2013","2023","197","Goldenrod","Mauv","280362002","CZ"
"1978","2016","2026","171","Turquoise","Red","108973629","CN"
"1976","2016","2026","157","Maroon","Red","896856282","CA"
"1980","2012","2022","203","","Blue","","AL"
"1986","2015","2025","196","Fuscia","","419074043","MT"
"1973","2018","2028","196","Red","Fuscia","536638524","SE"
"1974","2015","2025","173","Blue","Aquamarine","365094320","ID"
"1980","2019","2029","164","Orange","Maroon","506907070","CN"
"2002","2022","2032","185","Red","Orange","523347136","CN"
"1995","2015","2025","191","Blue","Teal","429900693",""
"1980","2015","","155","Khaki","Violet","903486192","AR"
"1989","2022","2032","199","Aquamarine","Red","113551418","SV"
"1970","2018","2028","210","Fuscia","Puce","271292668","FI"
"2000","2020","2030","160","Orange","","","ID"
"1997","2013","2023","160","","Yellow","903958093","CZ"
"1981","2020","2030","175","Pink","Aquamarine","710085580",""
"1973","2013","2023","168","Purple","Red","","TH"
"1999","2021","2031","154","Green","Crimson","568180683","CN"
"1981","2021","2031","191","Fuscia","Goldenrod","970215588","CU"
"1983","2022","2032","173","Violet","Maroon","424796942","FR"
"1995","2020","2030","187","Violet","Orange","337068454","BR"
"1979","2018","","150","Mauv","Indigo","102469271","ID"
"","2015","2025","184","Green","Violet","171705350","CN"
"1977","2019","","150","Teal","Khaki","904894240","JM"
"1991","2012","2022","174","Teal","Pink","301476442",""
"1996","2014","2024","161","Fuscia","Purple","715934093","CA"
"2002","2015","2025","164","Orange","Turquoise","259354464","CN"
"1983","2014","2024","186","Khaki","Khaki","229793152","CN"
"2001","2016","2026","203","Teal","Red","239167732","CZ"
"1989","2016","2026","165","Maroon","Green","","CN"
"1972","2014","2024","185","Orange","Fuscia","",""
"1995","2020","2030","179","Maroon","Teal","400078352",""
"1974","2014","2024","207","Puce","Goldenrod","529672636","HU"
"1981","2017","2027","167","Maroon","","448979061","CH"
"2001","2020","2030","183","Violet","Aquamarine","907702066","PE"
"1999","2020","2030","168","Mauv","Red","963413191","CZ"
"2000","2020","2030","156","Yellow","","500999193","PT"
"1974","2012","2022","156","Fuscia","","499819749","MZ"
"1993","2014","2024","153","Mauv","Teal","418881193","BR"
"1983","2022","2032","194","Mauv","Orange","607293779","NL"
"1983","2017","2027","181","Turquoise","Turquoise","508289794","CN"
"1974","2013","2023","160","","","175663849","MT"
"1995","2016","2026","202","Pink","Maroon","954990289","ID"
"1984","2012","2022","178","Mauv","Indigo","229122079","VN"
"1998","2021","2031","188","Turquoise","Red","272898835","RU"
"1985","2021","2031","197","Aquamarine","Aquamarine","303403576","NO"
"1997","2018","2028","","Goldenrod","Aquamarine","897044488","US"
"1992","2017","2027","157","Goldenrod","Khaki","146654609","RU"
"1984","2017","2027","199","Aquamarine","Indigo","324770027","BR"
"1986","2016","2026","165","Indigo","Crimson","635774901","SE"
"1983","2019","2029","176","Red","Puce","933651899","SE"
"1982","2019","2029","172","Fuscia","Green","957626923","PH"
"1981","2014","2024","155","Fuscia","Red","823850840","AZ"
"1999","2016","2026","151","Khaki","Red","237245779","AF"
"1983","2018","2028","182","Puce","Goldenrod","538639196","RU"
"1982","2013","2023","174","Puce","Turquoise","868754522","NC"
"1972","2016","2026","178","Orange","Orange","652881223","SL"
"1989","2020","2030","177","Crimson","Pink","833580826","PE"
"1996","2015","2025","201","Maroon","Purple","987442853","GR"
"1971","2020","2030","154","Mauv","Purple","920303873","EC"
"1982","2017","2027","165","Maroon","Orange","387294655","MX"
"1987","2012","2022","168","Green","Aquamarine","681660897",""
"1983","2019","2029","210","Yellow","Violet","685363838",""
"1983","2014","2024","189","Turquoise","Aquamarine","597202622","ID"
"1991","2012","2022","207","Violet","Puce","140827159","RU"
"1987","2012","2022","192","Indigo","Goldenrod","729825966","CN"
"1977","2015","2025","156","","Pink","867185031","SE"
"1971","2021","2031","189","Goldenrod","Teal","541773345",""
"1985","2020","2030","210","Yellow","Orange","","CN"
"1988","2015","2025","187","Crimson","","767924380","PL"
"2004","2017","2027","156","Indigo","Fuscia","259174356","CZ"
"1995","2015","2025","190","Purple","Mauv","848873781",""
"1999","2017","2027","169","","Red","274770231","RS"
"1992","2014","","191","Purple","Red","893846709","UZ"
"1978","2017","2027","193","Green","Green","722305455","VN"
"2002","2013","2023","188","","Green","917164259","BR"
"2003","2015","2025","188","Purple","Maroon","254319020",""
"1989","2015","2025","152","Fuscia","Maroon","281859570","LT"
"1987","2012","2022","180","Violet","","728256295","CN"
"2004","2018","2028","188","Crimson","Puce","574167409","NO"
"1983","2014","2024","199","Pink","Turquoise","192731414","NO"
"1992","2012","2022","185","Orange","Maroon","790956112","CF"
"1973","2017","2027","195","Red","Crimson","180212262","CR"
"1970","2017","2027","178","Khaki","Green","471126108","IE"
"1975","2017","2027","161","Yellow","Orange","372933672","CN"
"1989","2014","2024","159","Puce","Teal","984834344","BO"
"1999","2012","2022","210","Green","","569897147","ID"
"1978","2021","2031","209","Indigo","Maroon","801300054","ZM"
"1970","2018","2028","184","Maroon","Maroon","301496952","HR"
"1976","2018","2028","198","Puce","Green","541708990","SE"
"1993","2014","2024","210","Mauv","Mauv","803428003","CN"
"1972","2015","2025","182","Purple","Teal","605147332","ID"
"1985","2021","2031","188","Yellow","Violet","","FR"
"1996","2019","2029","","Turquoise","Pink","334266793","CN"
"1994","2022","2032","163","Turquoise","Turquoise","652726801",""
"2002","2020","2030","174","Green","Yellow","709881151","ID"
"1974","2016","2026","150","Green","Mauv","","BR"
"1986","2022","2032","167","Red","Mauv","300897217","PL"
"1983","2017","2027","156","Maroon","Crimson","256968515","ID"
"2000","2017","2027","155","Teal","Orange","321975304","SV"
"1993","2014","","168","Goldenrod","Goldenrod","171129718",""
"2004","2014","2024","185","Indigo","Puce","208869996","PL"
"1994","2020","2030","181","Violet","Yellow","639399060","RU"
"1970","2018","2028","199","Indigo","Crimson","270388940","CO"
"1976","2014","2024","195","Goldenrod","Indigo","851400994","US"
"1977","2015","2025","164","Goldenrod","Pink","893232391","AL"
"1984","2020","","163","","Goldenrod","103637080","TD"
"1995","2021","2031","186","Red","Turquoise","938650611","CZ"
"2000","2014","2024","205","Orange","Goldenrod","479243090","GT"
"1993","2019","2029","184","Indigo","Teal","252701008","SE"
"1988","2015","2025","185","","Maroon","838498928","SL"
"1985","2012","2022","161","Fuscia","","347380964","PH"
"1996","2012","2022","162","Red","Turquoise","969221557","SE"
"1973","2015","2025","171","Goldenrod","Red","299914318","CN"
"2003","2016","2026","158","Goldenrod","Indigo","610653908","BD"
"1980","2016","2026","210","Yellow","Orange","254652324","SI"
"1997","2018","2028","210","Red","","467564987","PK"
"2000","2022","","188","Teal","Blue","351308794","BR"
"1973","2019","2029","187","Maroon","Indigo","916765433","CD"
"2001","2014","2024","","","Turquoise","906551704","FI"
"1981","2017","2027","159","Mauv","Yellow","193415713",""
"1997","2020","","195","Crimson","Yellow","904372331","BA"
"1985","2019","2029","170","Pink","Puce","883357830","BR"
"1989","2019","2029","191","Maroon","Turquoise","","UG"
"2000","2012","2022","171","Mauv","Red","","CN"
"1987","2017","2027","162","Aquamarine","Mauv","957963365","GU"
"1993","2015","2025","189","Red","Blue","867101533","VN"
"1982","2022","2032","187","Goldenrod","Khaki","220132906","PL"
"1988","2020","2030","152","Purple","Pink","235699338","PH"
"1974","2017","2027","185","Mauv","Purple","876259494","ZA"
"2004","2016","2026","206","Puce","","769948696","PL"
"1987","2019","2029","160","Green","Khaki","235295032","SM"
"1982","2019","2029","176","Pink","Maroon","592832484","ID"
"1980","2017","2027","193","Violet","Indigo","","VE"
"1987","2012","2022","156","Maroon","Pink","550632674","CA"
"1992","2022","2032","179","Indigo","Pink","833902424","CN"
"1988","2014","2024","171","Crimson","Goldenrod","878588323","PT"
"2000","2014","2024","208","","Khaki","902888264","CN"
"1977","2021","2031","174","Goldenrod","Goldenrod","844635661","MY"
"1997","2018","2028","155","Indigo","Pink","370703097","ID"
"1990","2017","2027","191","Teal","Green","580456378","PL"
"1986","2016","2026","188","Puce","Goldenrod","384975160","ID"
"1979","2021","2031","180","Goldenrod","Crimson","218295871","CN"
"1994","2016","2026","157","","Pink","562531435","CZ"
"1998","2015","2025","159","Red","Turquoise","404155909","CN"
"1985","2013","2023","157","Mauv","Orange","955342035","CN"
"","2012","2022","154","Green","Yellow","354097562",""
"","2021","2031","177","Maroon","Khaki","456435764","FI"
"1977","2021","2031","186","Maroon","Indigo","970929356","LU"
"1973","2014","2024","204","Indigo","Yellow","633439803","SE"
"2002","2016","2026","207","Aquamarine","Pink","656799491","CN"
"1985","2020","2030","201","Indigo","Green","495024070","BI"
"1998","2017","2027","151","Teal","Pink","","PH"
"1972","2020","2030","151","Violet","Teal","353527370","CN"
"1977","2020","2030","151","","Pink","984545518","CN"
"1972","2019","2029","206","Fuscia","Pink","546697976","LT"
"1975","2013","","165","Fuscia","Mauv","546846710",""
"1995","2021","2031","171","Blue","Crimson","394982474","UA"
"2002","2013","2023","173","Orange","Maroon","774877404","AF"
"1989","2021","2031","191","Aquamarine","Blue","388501391","PT"
"1994","2019","2029","153","Fuscia","","523765866","NP"
"1970","2019","2029","160","Violet","Aquamarine","914372096","GB"
"1996","2016","2026","152","Purple","","800881150","PE"
"2004","2018","2028","177","Yellow","Green","200224869","UG"
"1974","2017","2027","201","Red","Khaki","309835203","VN"
"1980","2013","2023","164","Puce","Teal","659020230","ID"
"1976","2017","2027","192","Turquoise","Blue","151698904",""
"1974","2020","2030","164","Khaki","Yellow","273291105",""
"1977","2014","2024","179","Green","Aquamarine","719684578","LU"
"1976","2020","2030","173","Blue","Violet","100128872","ID"
"1988","2020","2030","185","Indigo","Puce","583315413","ID"
"1972","2013","2023","153","Puce","Indigo","973248075","CN"
"2002","2017","2027","193","Khaki","","","TH"
"1979","2013","2023","158","Pink","Crimson","405518707","CN"
"1990","2012","2022","196","Goldenrod","Turquoise","","CN"
"1976","2022","2032","202","Teal","Khaki","603826081","PH"
"1991","2016","2026","","Violet","Yellow","438684787","LK"
"","2013","2023","152","Violet","Red","205555266","CN"
"1977","2012","2022","160","Green","","295419574","ID"
"1971","2017","2027","183","Orange","Fuscia","155830912","CN"
"1975","2022","2032","201","Turquoise","Aquamarine","346503542","CN"
"1996","2019","2029","170","Fuscia","Teal","328729442","FR"
"1990","2019","2029","170","Turquoise","Aquamarine","729076824","RU"
"1984","2017","2027","209","Maroon","Indigo","349641579","CN"
"1999","2017","2027","209","Fuscia","Violet","980431494","BR"
"1977","2021","2031","184","Teal","Mauv","717768221","RU"
"1974","2020","2030","192","","Yellow","345382038","RU"
"2002","2015","2025","188","Pink","Orange","393830149","TT"
"1983","2013","2023","207","Indigo","Aquamarine","931526839","ID"
"1978","2022","2032","160","Teal","Green","242682362","TJ"
"1970","2018","2028","172","Green","Fuscia","808264771","PH"
"1998","2015","","154","Orange","Green","793899505",""
"1972","2013","2023","189","Fuscia","Indigo","896500493","NG"
"1994","2022","2032","179","Crimson","Turquoise","","TZ"
"2002","2022","2032","202","Fuscia","Teal","386736963","JO"
"2002","2021","2031","156","Puce","Teal","786057629","MM"
"1976","2014","2024","152","Crimson","Puce","562474080","RU"
"1999","2018","2028","170","Pink","Indigo","493675285","SE"
"1993","2022","2032","","Khaki","Maroon","448125812","TH"
"1990","2019","","194","Pink","Puce","747647030","RU"
"1985","2013","2023","","Mauv","Indigo","613795994","FR"
"2001","2014","2024","157","Purple","Fuscia","478723516","NL"
"2000","2012","2022","207","Green","Crimson","656711921","BR"
"1975","2019","2029","170","Goldenrod","Maroon","578194570","ID"
"1985","2021","2031","189","","Khaki","989775295","ID"
"1982","2013","2023","182","Aquamarine","Crimson","390892670","CN"
"1980","2012","2022","152","Turquoise","Goldenrod","863694487","PK"
"1992","2015","2025","170","Aquamarine","Teal","998278196","CN"
"1978","2016","2026","183","Mauv","Mauv","403044672","ID"
"1997","2017","2027","197","Puce","Violet","372802306","PT"
"1995","2020","2030","156","Violet","Indigo","846264655","ID"
"1976","2018","2028","207","Fuscia","Maroon","242597842","NG"
"1986","2014","2024","192","Indigo","Mauv","146762856","ID"
"1990","2019","2029","197","Maroon","Crimson","261468339","PS"
"1974","2019","2029","","Puce","Teal","351781267","JP"
"1979","2013","2023","172","Pink","Puce","352704574","CN"
"2000","2019","2029","","Teal","Blue","665407427","ID"
"1978","2015","2025","189","Yellow","Orange","313434872","VN"
"1978","2020","2030","205","Turquoise","Crimson","133243836","ID"
"1994","2017","2027","166","Teal","Puce","645583622","GR"
"1995","2018","2028","200","Puce","Indigo","804467492","VN"
"1996","2016","2026","159","Aquamarine","Crimson","584439140",""
"1998","2016","2026","203","Puce","Teal","","CL"
"1998","2019","2029","178","Crimson","Goldenrod","727974913","ID"
"1988","2017","2027","196","Red","Crimson","907684418","CN"
"1970","2016","2026","168","Goldenrod","Green","597720155","CN"
"1982","2014","2024","167","Crimson","Maroon","544808356",""
"1986","2012","2022","170","Khaki","Indigo","771240659","PL"
"2003","2020","2030","206","Blue","Khaki","","GR"
"1995","2017","2027","156","Red","Aquamarine","149804738","PT"
"1986","2017","2027","208","Pink","Mauv","694725419","MX"
"1982","2014","2024","173","Orange","Fuscia","281602733","UA"
"1975","2014","2024","210","Teal","Fuscia","236442112","PL"
"2000","2012","2022","184","Blue","Teal","445387571","PA"
"1997","2022","2032","190","Red","Violet","380205425","BR"
"1975","2014","2024","185","Violet","Puce","218410205","ID"
"1971","2019","2029","162","Teal","Red","142126596","US"
"1973","2016","2026","","Blue","Puce","110413164","PE"
"1995","2013","2023","153","Maroon","Indigo","308260684","CZ"
"1989","2017","2027","200","Blue","Orange","741338894","CN"
"1975","2017","2027","160","Turquoise","Yellow","923579596","RU"
"2002","2014","2024","173","Aquamarine","Fuscia","153518421","ID"
"1999","2016","2026","191","Violet","Green","745341135","FR"
"1976","2019","2029","162","Khaki","Maroon","959752749","US"
"1986","2016","2026","197","Yellow","Green","592088666",""
"1996","2020","2030","193","Fuscia","Pink","122171294","LK"
"1987","2013","2023","160","Puce","Maroon","410816549","GR"
"1998","2019","2029","174","Mauv","Yellow","420687276","CN"
"1972","2016","2026","200","Purple","Indigo","954108399",""
"1970","2019","2029","193","Green","Violet","896935182","SA"
"1982","2020","2030","164","Puce","Teal","587310512",""
"1971","2018","2028","179","Red","Turquoise","755897098","MX"
"1994","2015","2025","189","Indigo","Mauv","999084050","ZA"
"1995","2012","2022","155","Indigo","Crimson","884861198","CN"
"1996","2021","2031","169","Fuscia","Pink","703920843",""
"1979","2022","2032","","Crimson","Green","","BR"
"1986","2019","2029","209","Mauv","Teal","","IR"
"1994","2013","2023","153","Aquamarine","Khaki","792600704","PH"
"1989","2017","2027","155","Orange","Maroon","959131622","AF"
"1979","2016","2026","176","Pink","Crimson","","GE"
"1999","2016","2026","184","Puce","Teal","946437383","UZ"
"1993","2015","","164","Yellow","Maroon","731927635","HU"
"1971","2013","2023","153","Teal","Goldenrod","148532850","ID"
"1979","2017","2027","205","","Puce","320932903","CN"
"1976","2021","2031","162","Green","Violet","782692614","PH"
"1975","2019","2029","182","Maroon","Crimson","275883909","PH"
"1973","2016","2026","210","Crimson","Blue","619515934","PL"
"2001","2021","2031","209","Blue","Green","326921332","AF"
"2004","2019","2029","196","Turquoise","Turquoise","781712831","UA"
"1989","2022","2032","193","Puce","","179764450","US"
"1989","2018","2028","176","Violet","Purple","421861308","CN"
"1986","2021","2031","195","Indigo","Indigo","497609217","MS"
"1986","2022","2032","189","Fuscia","Turquoise","531874384","ID"
"1991","2021","2031","191","Red","Indigo","927280233",""
"1987","2019","2029","166","Orange","Blue","669574278",""
"1992","2016","2026","162","Blue","Puce","419953528","ID"
"1970","2014","2024","192","Indigo","Mauv","707230380","MK"
"1971","2019","2029","194","Turquoise","Green","904275302",""
"1989","2019","2029","","Goldenrod","Indigo","952394589","TZ"
"2004","2019","2029","151","Puce","","742392830","KI"
"1977","2020","2030","187","Yellow","Yellow","779812728","CZ"
"1978","2015","2025","163","Fuscia","Green","294590471","BR"
"1973","2021","2031","156","Violet","Goldenrod","503277464","PH"
"1984","2018","2028","210","Teal","Puce","289788658","CN"
"1973","2015","2025","197","Turquoise","Turquoise","313810033","CL"
"1982","2018","2028","164","Aquamarine","Fuscia","167911477","AR"
"1999","2014","2024","186","Purple","Blue","151860987","GR"
"1982","2020","2030","188","Pink","Teal","905255457","SN"
"1977","2015","2025","189","Mauv","Purple","191270342","RU"
"1973","2016","2026","171","Teal","Indigo","626610231","TN"
"2001","2022","2032","161","Purple","Teal","212819362","GU"
"2004","2018","2028","","Teal","Khaki","378685524","MN"
"1992","2022","2032","206","Indigo","Khaki","514606322","CN"
"1997","2019","2029","161","Khaki","Yellow","850038607","RU"
"1975","2022","2032","181","Pink","Violet","930759148","CN"
"1992","2014","2024","203","Yellow","Teal","","JP"
"1999","2019","2029","193","Fuscia","Turquoise","620185066",""
"1970","2015","2025","178","Indigo","Fuscia","796283180","PL"
"1972","2016","2026","193","Orange","","256688996","PE"
"2001","2015","2025","209","Puce","Green","211613966","MY"
"1981","2020","2030","205","Mauv","Purple","314977371","ID"
"2003","2014","2024","189","Purple","Crimson","830553840","RU"
"1974","2014","2024","193","Pink","Teal","158065727","BR"
"1970","2012","2022","187","Goldenrod","Red","215179177","MN"
"1999","2021","2031","172","Purple","Crimson","123000577","PT"
"1976","2017","2027","167","Teal","Violet","804040359","GR"
"1982","2018","2028","182","Turquoise","Red","635708521","CN"
"1976","2013","2023","199","Purple","Purple","203933533","JP"
"1971","2020","2030","180","Blue","Green","428762490","PL"
"1994","2018","2028","162","Teal","Red","728232193","CO"
"1981","2014","2024","202","Green","Red","392476153","CO"
"1991","2016","2026","191","Mauv","Blue","442220309","HU"
"1988","2020","2030","207","Crimson","","577435553","PT"
"1982","2015","2025","178","Puce","Green","429433143","XK"
"1990","2016","2026","209","Aquamarine","","522872346","CZ"
"1974","2020","2030","189","Crimson","Purple","376901559","CN"
"1972","2021","2031","166","Green","Pink","331435075","PH"
"1971","2017","2027","187","Pink","Orange","534640195","CN"
"1972","2015","2025","162","Orange","Yellow","615785336","RU"
"1997","2022","2032","156","Red","Pink","","SE"
"1995","2013","2023","208","Violet","Goldenrod","167575120","PH"
"1981","2018","2028","193","Purple","Crimson","412871810","PT"
"1996","2016","2026","181","Blue","Violet","650544596","MK"
"1981","2019","2029","175","Indigo","Goldenrod","817231997",""
"1979","2021","2031","154","Orange","Turquoise","721158111","CN"
"1970","2019","2029","174","Crimson","Crimson","523925730","PH"
"1999","2018","2028","191","Purple","Pink","511437715",""
"1991","2018","2028","201","Khaki","","985832701","PT"
"2004","2015","2025","189","Goldenrod","Khaki","639446774","TH"
"1990","2013","2023","186","Orange","Green","251062425","PT"
"1997","2022","2032","163","Fuscia","Pink","320637458","CL"
"1992","2018","2028","206","Fuscia","Aquamarine","284575962",""
"1987","2018","2028","187","Goldenrod","Goldenrod","326111126","PL"
"1970","2021","2031","159","Orange","Blue","738377184","ID"
"1976","2019","2029","154","Mauv","Orange","","PH"
"","2019","2029","200","Yellow","Aquamarine","973966773","AR"
"1993","2012","2022","189","Green","Red","","CN"
"1991","2022","2032","204","Mauv","Green","139808142","AL"
"1986","2013","2023","172","Puce","Red","601301547","CA"
"1986","2013","2023","180","Orange","Crimson","264014244","IR"
"1993","2012","2022","175","Yellow","Orange","106022193",""
"1972","2012","2022","154","Fuscia","Purple","682621115",""
"2004","2019","2029","193","Blue","Yellow","456120112","SE"
"1996","2017","2027","152","Puce","Fuscia","461653612","TR"
"1982","2017","2027","176","Pink","Turquoise","885125249","UA"
"1986","2015","","206","Maroon","Pink","533313969","CN"
"1971","2016","2026","184","Crimson","Crimson","582955102","CO"
"1973","2020","2030","197","Pink","Teal","453940145","PT"
"1982","2012","2022","151","Khaki","Purple","757092521","CN"
"1994","2015","2025","203","Puce","Green","732479283","CN"
"1994","2022","2032","176","Crimson","","547156915","ID"
"1977","2022","2032","169","Orange","Teal","468250089","CN"
"1976","2021","2031","182","Crimson","","162561557","PE"
"1997","2021","2031","177","Red","Puce","673740399","CN"
"1978","2020","2030","199","Pink","","",""
"1994","2019","2029","163","Aquamarine","Aquamarine","703692343",""
"1992","2018","2028","201","Indigo","Indigo","616586881","RU"
"1978","2014","","173","Yellow","Purple","620338823",""
"1993","2018","2028","179","Maroon","Green","505756512","FR"
"1977","2021","2031","178","Maroon","Maroon","267197061",""
"1974","2015","2025","181","","Fuscia","787875332","CN"
"1999","2012","2022","174","Khaki","Puce","425681525",""
"1991","2022","2032","176","Turquoise","Yellow","415873013","CM"
"1982","2012","2022","150","Aquamarine","Indigo","325747317","FR"
"2002","2021","2031","159","Turquoise","Maroon","311308288",""
"1979","2018","2028","192","Orange","Mauv","283754721","CN"
"1992","2015","2025","151","Mauv","Fuscia","125618689","PA"
"2000","2020","2030","170","Yellow","Fuscia","263262888","YE"
"1991","2012","2022","177","Turquoise","Yellow","716912617",""
"1986","2015","2025","193","Pink","Mauv","308069631","BR"
"1992","2022","2032","","Violet","Green","227257464","ID"
"1977","2019","2029","204","Indigo","Fuscia","","PT"
"1973","2019","2029","","Fuscia","Puce","465532405","CZ"
"1989","2021","2031","151","Fuscia","Yellow","173268559","ID"
"1976","2020","2030","155","Khaki","Orange","888220140","CN"
"1984","2019","2029","198","Maroon","Mauv","309112618","AR"
"1993","2018","2028","209","Turquoise","Crimson","874357945","ID"
"1988","2012","2022","156","Green","Mauv","809558991","CN"
"1998","2017","2027","187","Indigo","Fuscia","828340751","GR"
"1991","2017","2027","187","Indigo","Maroon","461443493",""
"2000","2016","2026","193","Khaki","Goldenrod","225111088","CN"
"1973","2016","2026","189","","Khaki","703815183","RU"
"2003","2021","2031","182","Teal","Maroon","628105854","PT"
"1997","2020","2030","202","Goldenrod","Aquamarine","510788027","DO"
"1974","2018","2028","161","Aquamarine","Violet","830454753","DM"
"1980","2021","2031","192","","Goldenrod","649387571","CN"
"1987","2012","2022","172","Puce","Orange","661844031","TH"
"2004","2012","2022","151","Blue","Orange","299115463","KR"
"1970","2018","2028","184","Puce","Orange","770180754","BG"
"1996","2015","2025","193","","Maroon","347862074","FR"
"1984","2022","2032","175","Orange","","646535253","BE"
"","2021","2031","207","Violet","Violet","659944382","RU"
"1991","2019","2029","185","Indigo","Yellow","276282092","FI"
"2001","2021","2031","171","Green","Orange","211340491","SI"
"2004","2015","","186","","Green","692528268","AM"
"2002","2014","2024","209","Goldenrod","Teal","718839665","ID"
"2004","2019","2029","159","Goldenrod","Fuscia","404429349","CN"
"1974","2012","2022","155","Blue","Pink","442042340","RU"
"1974","2012","2022","183","Goldenrod","Teal","417161453","NG"
"1970","2014","2024","190","Fuscia","Blue","","BR"
"1997","2013","2023","169","Blue","Turquoise","985554222","GB"
"1992","2017","2027","152","Khaki","Mauv","529429287","ID"
"1995","2013","2023","","Purple","Red","686947171",""
"1975","2020","2030","153","Maroon","Pink","271915340","RU"
"1984","2012","","208","Yellow","Khaki","268601499",""
"1980","2015","2025","162","Maroon","Crimson","268139386","ZM"
"1970","2020","2030","209","Crimson","Turquoise","511841796","CN"
"1979","2012","2022","167","Crimson","Puce","839521509","FI"
"1984","2020","2030","205","Aquamarine","Aquamarine","329755254","MH"
"1998","2017","2027","166","Blue","Fuscia","740823911","ID"
"1991","2018","","188","Khaki","Puce","200970677","CN"
"1982","2013","2023","180","Red","Orange","212545271","FR"
"1999","2020","2030","158","Puce","","709090506","JP"
"1995","2014","2024","163","Goldenrod","Mauv","","ID"
"1979","2021","2031","179","Blue","Khaki","212230539","RU"
"1986","2017","2027","185","Aquamarine","Purple","782868620","CY"
"1994","2014","2024","157","","Yellow","797474724","CU"
"1986","2015","2025","160","Fuscia","Goldenrod","608649658","CO"
"1988","2022","2032","193","Turquoise","Indigo","769880514","TH"
"2001","2017","2027","161","Khaki","Green","335913105","EC"
"1984","2012","2022","165","Puce","Pink","760709460","CN"
"1999","2019","2029","159","Fuscia","Aquamarine","166433838","ID"
"1999","2021","2031","175","Crimson","Pink","759766399","AR"
"1981","2014","2024","","Blue","Fuscia","225160067","MY"
"1987","2013","2023","150","Yellow","Teal","927232449",""
"1991","2021","2031","205","Purple","Indigo","398667341","NO"
"1981","2017","2027","154","","Green","323962980","ID"
"1974","2019","2029","193","Fuscia","Aquamarine","442774460","CN"
"2001","2020","","154","Crimson","Fuscia","477488249","CN"
"1985","2013","2023","191","Crimson","Aquamarine","341433957","CN"
"1998","2021","2031","165","Indigo","Red","634823847",""
"1972","2014","2024","196","Fuscia","Teal","847939839","ID"
"1980","2014","2024","205","Maroon","Pink","692141245","CN"
"1973","2012","2022","208","Purple","Turquoise","","FR"
"1975","2012","2022","175","Crimson","Violet","870544181","CA"
"1971","2018","2028","204","Orange","Indigo","239600391","NI"
"1978","2012","2022","187","Mauv","Turquoise","","TH"
"1974","2017","2027","182","Turquoise","Teal","907807465","ID"
"1991","2012","2022","200","Mauv","Violet","257042680","US"
"1992","2022","2032","196","Yellow","","681036454","HR"
"1995","2019","2029","190","Teal","Puce","","CN"
"1989","2020","2030","183","Pink","Blue","105448266","BR"
"1973","2017","2027","174","Indigo","Yellow","509454622","CA"
"1983","2013","2023","201","Aquamarine","Yellow","994923824","CZ"
"1998","2013","2023","174","Maroon","","854474188","JP"
"1973","2020","2030","","Blue","Maroon","","CN"
"1987","2014","2024","209","Aquamarine","Aquamarine","576330116","SE"
"1972","2019","2029","181","Khaki","Green","106748226",""
"1982","2013","2023","199","Turquoise","Blue","300818168","IL"
"1979","2012","","184","Goldenrod","Blue","309473562",""
"1977","2019","2029","152","Red","Puce","759725799","CN"
"1994","2013","2023","","Maroon","Turquoise","668097542","FR"
"1974","2012","2022","165","Violet","Aquamarine","110336522","RU"
"1977","2020","2030","176","Fuscia","Purple","550272004","SL"
"1983","2013","2023","187","Mauv","Aquamarine","399254927",""
"1976","2016","2026","163","","Green","285465680","MX"
"1972","2018","2028","187","Violet","Red","","MX"
"1991","2019","2029","155","","Turquoise","806961577","CY"
"1981","2018","","207","Fuscia","Violet","408092708","CN"
"2004","2012","2022","209","Maroon","Blue","206607318","BD"
"1985","2017","2027","174","Goldenrod","Yellow","427253532","RU"
"2002","2013","2023","161","Teal","Goldenrod","968102542","SE"
"1997","2015","2025","184","Mauv","Green","115643759","MX"
"1974","2012","","175","","Indigo","852749761","ZA"
"1973","2020","2030","163","Orange","Puce","785498529","VN"
"1988","2016","2026","205","Indigo","Turquoise","817723956","CN"
"1977","2015","2025","198","Fuscia","","179107317","TN"
"1993","2021","2031","157","Teal","Puce","375936535","CN"
"1973","2012","2022","195","Crimson","Yellow","738229454","KE"
"2001","2013","2023","180","Green","Red","240240355","CZ"
"2000","2017","2027","200","Green","Aquamarine","296224506","ID"
"1971","2012","2022","193","Mauv","Orange","621998113","RU"
"1995","2019","2029","205","Blue","Aquamarine","139760832","IE"
"1990","2014","2024","176","Goldenrod","Goldenrod","562508572","EG"
"1970","2012","2022","207","Teal","Green","887577647","ID"
"1985","2013","2023","195","Mauv","","508205849","CO"
"1978","2019","2029","187","Blue","Mauv","597448534",""
"2000","2019","2029","198","Aquamarine","","148036646","RU"
"1973","2015","2025","173","Crimson","","467769670","NZ"
"1971","2017","2027","202","Teal","Red","856657413","ID"
"1996","2021","2031","152","Puce","Yellow","378149589","IE"
"1994","2017","2027","206","Purple","Yellow","814694998","BR"
"1979","2015","2025","200","Violet","Orange","627128149","CN"
"1971","2012","2022","162","Violet","Blue","612561704","UY"
"2000","2015","2025","180","Purple","Purple","730630560",""
"1974","2019","2029","166","Khaki","Red","314337121","RU"
"1986","2014","2024","190","Indigo","Turquoise","823089603","NG"
"2004","2012","2022","210","Goldenrod","Goldenrod","822199143","JP"
"1997","2015","2025","180","Orange","Puce","483909339","NG"
"1999","2021","2031","192","Teal","Crimson","514513121","CN"
"1983","2015","2025","150","Khaki","Mauv","747450456","CN"
"1990","2021","2031","175","Indigo","Maroon","232428368",""
"1985","2019","2029","150","Turquoise","Teal","576033364",""
"1994","2018","2028","199","Teal","Khaki","524968706","RU"
"1977","2015","2025","198","Maroon","Goldenrod","346409616","SE"
"2002","2015","2025","178","Teal","Goldenrod","356648327","PL"
"1980","2013","2023","191","Mauv","Blue","424765000","ID"
"1977","2014","2024","196","Mauv","Orange","936688062",""
"1980","2014","2024","197","Blue","Maroon","677289368","ID"
"2001","2017","2027","177","Maroon","Yellow","782269641",""
"2002","2017","2027","192","Yellow","Aquamarine","299895301","BR"
"1984","2015","2025","178","Red","","924955733","ID"
"1987","2013","2023","150","Blue","Purple","259312889","RU"
"2001","2013","2023","156","Green","Khaki","866173235","NG"
"1977","2021","2031","197","Violet","Purple","921090093","CA"
"2003","2020","","189","Yellow","Pink","994173657","RU"
"1992","2021","2031","200","Aquamarine","Green","202605961","PL"
"1973","2019","2029","174","Indigo","Puce","308768277","CN"
"1975","2014","2024","153","Turquoise","","850275823","RU"
"1999","2012","2022","","Goldenrod","Puce","822446217","CA"
"1971","2020","2030","","Maroon","Orange","791168748","TH"
"1997","2012","","175","Purple","Aquamarine","461890924","BR"
"2000","2018","2028","195","Red","Pink","303206608",""
"1986","2020","2030","204","Crimson","Khaki","698307978","CA"
"1978","2017","2027","185","Purple","Maroon","327290144",""
"1979","2022","2032","170","Green","Pink","416890621","CN"
"1980","2020","2030","193","Purple","Fuscia","259041852","PL"
"1997","2013","2023","187","Green","","647158589","DE"
"1997","2021","2031","197","Puce","Teal","156771173","ID"
"1995","2013","2023","150","Aquamarine","Violet","985581886","CL"
"1971","2018","2028","156","Teal","Blue","117150492","KP"
"2002","2018","2028","159","Yellow","Orange","279537024","RU"
"1974","2015","2025","203","Indigo","Goldenrod","142733302","CN"
"1989","2015","2025","","Crimson","Mauv","493802845","PE"
"2004","2021","2031","151","Maroon","Maroon","365663470","HN"
"1989","2022","2032","193","Yellow","Aquamarine","365822572","KR"
"1977","2017","2027","204","Purple","Red","954543700","PL"
"","2017","2027","184","Yellow","Pink","492339769","NI"
"2001","2017","2027","169","","Orange","","PS"
"1988","2018","2028","167","Mauv","Khaki","","BR"
"1974","2021","2031","151","Blue","Turquoise","395746855","CN"
"1979","2018","2028","200","Indigo","Violet","","AF"
"1998","2016","2026","199","Crimson","Orange","180056544","CN"
"1974","2017","2027","","Aquamarine","Orange","","PH"
"1994","2019","2029","189","Purple","Red","827967449","BR"
"1999","2020","2030","204","Violet","Mauv","297163499","EE"
"1998","2012","2022","207","Turquoise","Maroon","203763467","PL"
"2004","2020","2030","162","","Khaki","823228484","BG"
"1990","2018","2028","202","Fuscia","Goldenrod","995267834","ID"
"1978","2017","2027","209","Indigo","Fuscia","655217096","ID"
"1975","2017","2027","179","Yellow","Goldenrod","542816976","CN"
"1987","2018","2028","191","Aquamarine","Mauv","286377207","ID"
"2003","2022","2032","182","Aquamarine","Purple","688415171","CN"
"1987","2013","2023","160","Aquamarine","Teal","595997914","PL"
"1998","2015","2025","159","Turquoise","Green","761680793",""
"1995","2018","2028","152","Khaki","Turquoise","937788879","CN"
"2004","2020","2030","182","Aquamarine","Purple","229982367","BR"
"1999","2012","2022","173","Khaki","Indigo","679275276","PH"
"2000","2018","2028","178","Yellow","Violet","393949267","CN"
"1999","2019","2029","155","","Green","612695692","ID"
"1977","2017","2027","165","","","299649063","ID"
"1997","2021","2031","198","Blue","Crimson","695813888","CN"
"1974","2020","2030","153","Violet","Fuscia","821540288","ID"
"","2018","2028","","Maroon","Red","377648964","PY"
"1993","2018","2028","160","Turquoise","Green","177438490","CN"
"1999","2012","2022","184","Turquoise","Purple","","RU"
"1995","2018","2028","","Pink","Aquamarine","625649517","ZA"
"1999","2016","2026","170","Goldenrod","Khaki","789472655","CN"
"1978","2014","2024","164","Goldenrod","Aquamarine","335677074","CN"
"1992","2018","2028","200","Maroon","Crimson","456433113","NL"
"2003","2022","2032","209","Aquamarine","Puce","684644412","RU"
"1999","2021","2031","","Pink","Green","527976471",""
"1982","2018","2028","155","Green","Blue","","PL"
"1983","2019","2029","163","Turquoise","Green","309204289","CR"
"1976","2022","2032","156","Puce","Yellow","301960076","TH"
"1994","2013","2023","199","Fuscia","Yellow","615802494","BR"
"1995","2013","2023","175","Indigo","Maroon","542748410",""
"1978","2017","2027","199","Teal","Maroon","275061356","IL"
"2001","2019","2029","188","Mauv","Goldenrod","287538066","CN"
"1993","2021","2031","170","Puce","Crimson","104278428","SE"
"1973","2016","2026","171","Puce","Blue","763076934","CN"
"1978","2022","2032","164","Green","Red","408663081","ID"
"2001","2013","2023","157","Goldenrod","Goldenrod","426075326","PT"
"","2016","2026","176","Violet","Fuscia","435469721",""
"1978","2017","2027","200","Aquamarine","Pink","","ID"
"2000","2013","2023","189","Turquoise","Turquoise","591099150","CN"
"1998","2014","2024","158","Purple","Blue","676406548","CN"
"1972","2014","","183","Purple","Aquamarine","234881084","PL"
"1988","2018","2028","199","Pink","Pink","226390161","CN"
"1980","2019","2029","155","Aquamarine","Fuscia","219848261","CN"
"1990","2018","2028","178","Purple","Maroon","137795211","MY"
"1987","2019","2029","151","Aquamarine","Blue","425228975","PE"
"1995","2022","2032","197","Crimson","Puce","425612826",""
"1980","2021","2031","151","Khaki","Maroon","188507498",""
"1986","2017","2027","","Turquoise","Mauv","744358301","SE"
"2003","2017","2027","190","","Indigo","282871691","CN"
"1998","2016","2026","161","Pink","Maroon","","MK"
"2000","2019","2029","201","Turquoise","Mauv","271470108","BI"
"2002","2020","2030","206","Goldenrod","","698263064","CN"
"1991","2020","2030","160","Khaki","Yellow","367797660","CN"
"1975","2012","2022","206","Aquamarine","Indigo","391327690","PH"
"1978","2012","2022","193","Red","Goldenrod","143404099","UG"
"1989","2012","2022","161","Fuscia","Fuscia","790188421","RU"
"2004","2013","2023","156","Pink","Green","663221690","CN"
"1971","2016","2026","171","Mauv","Maroon","726062523","PS"
"2003","2020","","155","Orange","Goldenrod","775983430","CA"
"1972","2014","2024","201","Purple","Green","425567382","BN"
"2001","2020","2030","196","","Yellow","613196394","SE"
"1993","2013","2023","165","Goldenrod","Goldenrod","396788570",""
"1978","2014","2024","199","","Turquoise","777609613","AR"
"1971","2021","2031","201","Mauv","Green","439542255","ID"
"1988","2015","2025","207","Turquoise","Crimson","407921245","CN"
"1977","2017","2027","165","Fuscia","Red","337869518","AZ"
"1982","2021","2031","172","Mauv","Green","","CN"
"1993","2017","2027","190","Pink","Aquamarine","833539454","CN"
"2000","2016","","156","Turquoise","","631210343","NG"
"1997","2022","","183","Blue","Turquoise","289033528","EE"
"1982","2022","2032","174","Teal","Goldenrod","993661556","RU"
"2004","2014","2024","197","","Pink","498414366","AR"
"1981","2013","2023","184","Purple","","","PH"
"1989","2013","2023","182","Goldenrod","Goldenrod","609727061","HR"
"1988","2022","2032","156","Purple","Mauv","504594596","PL"
"1997","2019","2029","201","Violet","Yellow","607592525","CN"
"2003","2020","2030","151","Fuscia","Indigo","827516125","PH"
"2000","2016","2026","154","Red","Maroon","247477715","AR"
"1971","2017","2027","167","Mauv","Turquoise","658228800",""
"1999","2018","2028","171","Puce","Teal","207401774","CN"
"1993","2017","2027","177","Pink","Crimson","",""
"1971","2019","2029","158","Khaki","Purple","506217115","FR"
"2001","2017","2027","172","Indigo","Indigo","765683932","CN"
"1976","2022","2032","169","Teal","Yellow","701305187","US"
"1996","2021","2031","209","Indigo","Red","296517967","BR"
"1975","2019","2029","194","Crimson","Maroon","461810870","ID"
"2001","2022","2032","163","Goldenrod","Khaki","301445780","FI"
"2002","2021","2031","203","Pink","Pink","649463673","AR"
"1972","2018","2028","171","Maroon","Khaki","986809983","CN"
"1983","2015","2025","152","Red","Orange","792915888","RU"
"1994","2021","2031","162","Blue","Puce","327833308","VE"
"1979","2021","2031","175","Blue","Yellow","558182574","SO"
"2003","2020","2030","163","Aquamarine","","948449859","MK"
"1999","2022","2032","159","Fuscia","Purple","489833675","AR"
"2002","2017","2027","203","Turquoise","Crimson","774601705","ID"
"1989","2015","2025","160","Mauv","Yellow","640099604","CZ"
"1973","2017","2027","173","Maroon","Blue","770646367",""
"1979","2022","2032","190","","Violet","541089701",""
"1980","2017","2027","","Pink","Indigo","480839944","IE"
"1970","2019","2029","162","Goldenrod","Mauv","369263146","ID"
"","2021","2031","152","Yellow","Aquamarine","683851055","PH"
"1999","2016","2026","199","","Khaki","842570998","CY"
"2002","2017","2027","163","Red","Maroon","782489820","ID"
"1987","2018","2028","167","Crimson","Puce","","GT"
"1980","2012","2022","186","Puce","Red","626432916","PH"
"1978","2018","2028","153","Teal","Khaki","202696442","CZ"
"1985","2014","2024","173","Purple","Turquoise","546107603","FR"
"2000","2018","","174","Fuscia","Red","723666619","BF"
"","2017","2027","","Mauv","Yellow","546000837","MY"
"1993","2018","2028","174","Turquoise","Aquamarine","928543151","TH"
"1985","2013","2023","150","Aquamarine","Blue","746024309","CN"
"1974","2019","","202","Orange","Goldenrod","502971966","ID"
"2004","2017","2027","181","Teal","Blue","154361447","SE"
"1997","2022","2032","162","Turquoise","Puce","960325533",""
"1975","2014","2024","152","Maroon","Red","552177307","ES"
"1988","2013","2023","","Turquoise","Red","729621135","CN"
"1970","2022","2032","178","Crimson","Purple","993909871","PT"
"1972","2020","","180","Goldenrod","Turquoise","554725491","ID"
"1971","2022","2032","151","Fuscia","Yellow","179994188","VE"
"1974","2022","2032","154","Red","Teal","103146460","SE"
"1984","2021","2031","194","Pink","Teal","777360820","VE"
"1997","2019","2029","170","Goldenrod","Red","873136565","BR"
"1992","2020","2030","182","","Aquamarine","",""
"1975","2022","2032","156","Fuscia","Purple","484191713","CM"
"1989","2015","2025","178","Turquoise","Orange","347191202",""
"2000","2021","2031","203","Goldenrod","Mauv","324777909","GR"
"1972","2013","2023","154","Puce","Blue","726839486","PA"
"1988","2022","2032","158","Puce","Turquoise","274773109","CN"
"1986","2021","2031","188","Teal","Turquoise","899745648","PH"
"2000","2013","2023","181","Violet","Pink","398744659","ID"
"1996","2012","2022","160","Pink","Pink","972661727","SE"
"1983","2017","2027","181","Red","Fuscia","969316412","RU"
"1983","2013","2023","169","Turquoise","Purple","768144220","NG"
"1983","2020","2030","190","Indigo","Violet","","RU"
"1975","2022","2032","172","Maroon","Fuscia","574845684","RS"
"1981","2012","2022","189","Aquamarine","Aquamarine","366490173","LT"
"1985","2012","2022","178","Goldenrod","Fuscia","693398451","ET"
"2001","2021","2031","200","Orange","Pink","850608349","RU"
"1990","2020","2030","180","Aquamarine","Fuscia","868020933","PL"
"1999","2016","2026","188","Turquoise","Red","793003870",""
"1982","2019","2029","157","Teal","Khaki","","CN"
"1998","2013","2023","161","Puce","Fuscia","952273609","ID"
"1991","2016","2026","193","Pink","","305778162","HN"
"1986","2016","","179","Goldenrod","Teal","824642663","BR"
"1971","2019","2029","203","Mauv","Red","760642147","CN"
"2002","2018","2028","192","Crimson","Puce","201083853","TH"
"1974","2013","2023","178","Orange","Violet","685723669","AF"
"1990","2014","2024","181","Green","Yellow","312262870","US"
"1995","2020","2030","183","Fuscia","Green","525258081","CN"
"2001","2018","2028","188","Blue","Khaki","854371266","BD"
"1979","2020","2030","168","Red","Violet","456507665","VN"
"1977","2020","2030","174","Pink","Mauv","745145587","MY"
"1994","2013","2023","199","Yellow","Fuscia","656144814","GR"
"1986","2020","2030","174","Maroon","","745230480","CN"
"1987","2016","2026","210","Maroon","Puce","912243045","NO"
"","2022","2032","150","Turquoise","Yellow","180858754","CN"
"1977","2022","2032","184","Indigo","Green","335394834","MN"
"1988","2014","2024","182","Orange","Turquoise","204851234",""
"1979","2021","2031","188","Yellow","Turquoise","297850952","CO"
"1988","2012","2022","167","Crimson","Red","585127237","ID"
"1990","2018","2028","153","Indigo","Fuscia","511529968","SI"
"1974","2021","2031","177","Turquoise","Turquoise","905474716",""
"1988","2012","2022","160","Orange","","999302691","US"
"2004","2012","2022","163","Red","","262997077","RU"
"2001","2012","2022","175","Blue","Mauv","264800530",""
"1999","2020","2030","208","Purple","Fuscia","840736299","CN"
"1981","2018","2028","177","Crimson","Yellow","845539848","CN"
"1974","2016","2026","166","Maroon","Crimson","532000907","ID"
"2004","2020","2030","208","Blue","Puce","469009230","SY"
"2001","2018","2028","","Green","Teal","700399992","CM"
"1973","2018","2028","199","Purple","Fuscia","629242020","CN"
"2003","2019","2029","184","Khaki","","130190376","PL"
"1997","2022","2032","150","Yellow","Purple","573219913",""
"1984","2021","2031","209","Red","Violet","560888353","SE"
"1984","2015","","201","Purple","Khaki","901205545","BS"
"1988","2019","2029","196","Puce","Green","328475004","CN"
"1994","2018","2028","169","Purple","","157632688","NP"
"1979","2018","2028","181","Turquoise","Puce","124994345","PH"
"1984","2019","2029","164","Turquoise","Violet","249147628","UA"
"1971","2016","2026","169","Blue","Green","871556055","ID"
"1999","2021","2031","206","Turquoise","Green","141634903","BR"
"1980","2015","2025","175","Orange","Teal","260523650","ID"
"1991","2013","2023","161","Violet","Pink","804456113","MY"
"1972","2015","","169","Maroon","Turquoise","522932598","EG"
"1971","2018","2028","","Turquoise","Indigo","909703987","RU"
"1977","2020","2030","187","Violet","Aquamarine","","CN"
"1982","2019","2029","","Mauv","Pink","571088598","CN"
"1973","2020","2030","187","Fuscia","Violet","382444969","US"
"1984","2013","2023","154","Teal","Fuscia","417636556","ID"
"2001","2014","2024","150","Indigo","Mauv","591499157","CN"
"1994","2021","2031","164","Puce","Khaki","479209050","PT"
"1988","2013","2023","175","Khaki","Purple","580800093","KM"
"1978","2020","2030","167","Mauv","Teal","849150894","ES"
"1976","2021","2031","189","Fuscia","Khaki","327241506","AL"
"1978","2015","2025","203","Crimson","Puce","","CN"
"1989","2021","2031","198","Indigo","Green","782173480","CN"
"2002","2012","2022","193","Turquoise","Mauv","470792044","AM"
"1994","2020","2030","208","Mauv","Maroon","618991785","GR"
"1978","2014","2024","201","Goldenrod","Maroon","707887014","RU"
"1984","2021","2031","190","Red","Violet","390219634","PH"
"2004","2019","2029","171","Red","Red","832685464",""
"1995","2019","2029","169","Puce","Blue","846207970","UY"
"2003","2019","2029","172","Goldenrod","Indigo","584719400","BR"
"1976","2018","2028","191","Crimson","Yellow","752806146","CN"
"1970","2020","2030","168","Purple","Yellow","876263397","SI"
"1980","2013","2023","156","","Aquamarine","452436250","PH"
"","2018","2028","157","Fuscia","Crimson","360499789","RU"
"1982","2022","2032","163","Violet","Aquamarine","846226707","CN"
"1973","2014","2024","179","Violet","Teal","878993557","NG"
"1986","2017","2027","161","Mauv","Aquamarine","504747444","DK"
"1988","2015","2025","188","Pink","Goldenrod","427691841","CZ"
"","2018","2028","194","Crimson","Crimson","238129140","CN"
"1985","2015","2025","189","Orange","Mauv","686239664","ID"
"1990","2019","2029","170","Maroon","Teal","787064953","CN"
"2001","2016","2026","180","Violet","Turquoise","959211620","BR"
"2000","2013","2023","184","Crimson","Teal","745640913","CN"
"1988","2017","2027","178","Purple","","942717489","ET"
"1985","2013","2023","159","Puce","Yellow","772150566","UZ"
"1985","2012","2022","209","Maroon","Fuscia","336785254","KZ"
"2003","2013","2023","153","Maroon","Maroon","406244742","CZ"
"1985","2013","2023","166","Mauv","Goldenrod","117633917","PH"
"1987","2022","2032","165","","Goldenrod","427722677","IE"
"1987","2013","2023","199","Goldenrod","","669967293","PH"
"2004","2021","2031","197","Purple","Goldenrod","303546753","UG"
"1981","2018","2028","177","Puce","Fuscia","533900054","PH"
"1991","2014","2024","169","Blue","Indigo","306493231","ID"
"2003","2020","2030","184","Mauv","Violet","149751032","PL"
"1990","2012","2022","204","Khaki","","265855798","CN"
"1977","2015","2025","185","Crimson","Indigo","889408243","CO"
"1988","2016","2026","172","Aquamarine","Violet","161357612","NO"
"1997","2018","2028","178","Turquoise","Turquoise","756229524","MU"
"1985","2017","2027","159","Green","Crimson","417124623","CO"
"1975","2017","2027","185","Teal","Pink","410778467","PL"
"1995","2012","2022","203","Puce","Goldenrod","269936822","ID"
"1972","2012","2022","188","Goldenrod","Maroon","733225141","PH"
"2002","2021","2031","165","Aquamarine","Pink","525833802","PL"
"1987","2019","2029","","Blue","","265109932","BG"
"1980","2019","2029","159","Maroon","Crimson","481259045","KP"
"1999","2018","2028","165","Pink","Puce","194240896",""
"2004","2012","2022","191","Maroon","Pink","622932493","VN"
"1980","2019","2029","159","","Mauv","233444972","PH"
"2002","2021","2031","155","Blue","Turquoise","644978603","UA"
"2001","2014","2024","159","Violet","Purple","397200046","CN"
"1983","2016","2026","150","Orange","Green","983563955","PT"
"2001","2020","2030","178","","Goldenrod","870786399",""
"1988","2022","2032","187","Pink","Puce","640605828","US"
"1981","2021","2031","210","Pink","Fuscia","369541184","CN"
"1976","2015","2025","182","Blue","Crimson","168485271","ID"
"1996","2022","2032","197","Aquamarine","Blue","970183006","US"
"2000","2020","2030","164","Aquamarine","Green","436985137","CO"
"1977","2017","2027","176","Goldenrod","","295233205","CN"
"1988","2012","","192","Maroon","Fuscia","122858879","UY"
"2001","2014","2024","183","Red","Puce","370516557","ZA"
"1999","2012","2022","182","Fuscia","Mauv","875976838",""
"1975","2017","2027","177","Green","Violet","223930127","PT"
"1993","2019","2029","206","Violet","Maroon","","AR"
"1993","2018","2028","196","Maroon","Violet","837448824","RU"
"1991","2022","2032","168","Teal","Crimson","892213712","SR"
"1996","2019","","196","Aquamarine","Indigo","833725056","EC"
"1989","2014","2024","191","Yellow","Indigo","","PT"
"1977","2022","2032","202","Fuscia","Orange","894879922","TZ"
"1979","2014","2024","154","Mauv","Blue","","CN"
"2003","2017","2027","183","Fuscia","Violet","618488414",""
"1977","2021","2031","195","Indigo","Blue","732782704","ID"
"1996","2013","2023","172","Turquoise","Aquamarine","","CO"
"1982","2018","2028","154","Khaki","Violet","748943704","CN"
"1986","2017","2027","161","Blue","Violet","156610172","FI"
"1994","2014","2024","193","Khaki","Maroon","161627357","ID"
"1979","2019","2029","","Fuscia","Pink","541564474",""
"1994","2020","2030","206","","Pink","562790198","BB"
"1973","2016","2026","210","Aquamarine","","901653927",""
"1986","2022","2032","191","Yellow","","763755716","NZ"
"1990","2020","2030","203","Mauv","Teal","926714396","EG"
"1993","2020","2030","","Khaki","Red","527728486","ID"
"1988","2012","2022","187","Violet","Puce","799442563","CN"
"1992","2017","2027","199","Red","Red","241610515","MK"
"1991","2022","2032","210","Purple","Aquamarine","809341548","CN"
"1979","2014","2024","170","Green","Red","364180002","CN"
"1989","2020","2030","186","Crimson","Crimson","793569204","PH"
"1972","2018","2028","152","Teal","Blue","909334960","MT"
"","2012","","184","Blue","Teal","408700367","ZA"
"2002","2019","2029","157","Turquoise","Teal","913890180","CN"
"1991","2020","2030","200","","Fuscia","898126793","EG"
"1973","2018","2028","209","Mauv","Violet","576110760","CZ"
"1978","2016","2026","180","Turquoise","Maroon","366804374","PT"
"1972","2019","2029","151","Mauv","Green","672264815","NL"
"1979","2014","2024","209","Khaki","","691363970","PH"
"1992","2021","2031","194","Teal","Orange","657000569","UA"
"1984","2016","2026","198","Pink","Aquamarine","118048400","US"
"1993","2020","2030","180","Mauv","Blue","345831556","ID"
"1986","2016","2026","164","Blue","Khaki","142587647",""
"1978","2016","2026","157","","Turquoise","344249675","PA"
"1993","2015","2025","193","Turquoise","","770477341","CA"
"1970","2018","2028","160","Indigo","Khaki","225250519","PE"
"2001","2019","2029","178","Turquoise","Indigo","798171217","CN"
"1993","2022","2032","162","Khaki","Goldenrod","539647666","IR"
"1998","2014","2024","183","Mauv","Blue","805194914","DO"
"1990","2016","2026","163","Violet","Red","781289024","CA"
"1991","2018","","186","Goldenrod","Mauv","471756122","SS"
"1983","2014","2024","152","Puce","","712515719","UA"
"1979","2016","2026","176","Mauv","Crimson","746409425","JP"
"2004","2018","2028","165","Indigo","Red","471908428","FR"
"1990","2020","2030","187","Goldenrod","Purple","972123367","ID"
"1977","2012","2022","199","Puce","Pink","803074132","RS"
"1989","2014","2024","173","Yellow","Fuscia","206154229","KZ"
"1977","2020","2030","184","Mauv","Goldenrod","168528390","PL"
"1973","2016","2026","199","","Crimson","779594164","PH"
"2002","2021","2031","152","Fuscia","Aquamarine","897318741","US"
"1974","2021","2031","154","Puce","Turquoise","476690216","AR"
"1985","2020","2030","193","Teal","Maroon","787547991","SE"
"2003","2015","2025","175","Teal","Pink","866226087","UA"
"1988","2015","2025","168","","Purple","940120944","TT"
"1984","2015","2025","164","Blue","Maroon","267788414","FR"
"1983","2012","2022","169","Violet","Green","489191267",""
"1988","2016","2026","194","Violet","Pink","490986610","CN"
"1992","2015","2025","201","Yellow","Purple","296598609","MX"
"1998","2020","2030","174","","Mauv","","ID"
"1971","2012","2022","183","Orange","Violet","567197406","US"
"1972","2012","2022","","Pink","Fuscia","596106609",""
"1973","2012","2022","208","Turquoise","Khaki","759435104","CN"
"2004","2017","2027","204","Khaki","Goldenrod","277501910","CN"
"1977","2018","2028","151","Purple","Crimson","333490205","MN"
"1985","2014","2024","207","Aquamarine","Purple","433472578","PE"
"1993","2020","2030","185","Mauv","Aquamarine","581229773","PL"
"2002","2017","2027","197","Fuscia","Purple","431820714","CN"
"1975","2021","2031","202","Green","Blue","442075142","TD"
"1990","2018","2028","163","Aquamarine","Crimson","","LT"
"1987","2012","2022","196","Blue","Orange","416879231","RU"
"1981","2022","2032","173","Aquamarine","Violet","115480730","ZM"
"1994","2021","","195","Teal","Fuscia","151812348","ID"
"","2022","2032","197","Indigo","Orange","242593023","BW"
"1976","2018","2028","157","Green","Puce","714919547","CN"
"1976","2021","2031","172","Puce","Fuscia","978224596","ID"
"1987","2017","2027","201","Maroon","Yellow","793410999","MK"
"1989","2013","2023","197","Turquoise","Purple","558633941","SE"
"1995","2021","2031","171","Violet","Orange","840740535","CN"
"1988","2012","2022","164","Turquoise","Yellow","646262649","FR"
"1999","2014","2024","198","Indigo","Turquoise","925690145","PH"
"1985","2015","2025","155","Puce","Pink","796195516","PT"
"1978","2020","2030","184","Indigo","Mauv","979882875","PL"
"1982","2017","2027","187","Turquoise","Teal","991356500","CN"
"1971","2017","2027","190","Aquamarine","Violet","866357877","CN"
"1985","2015","2025","160","","Blue","322613305","BR"
"1977","2016","2026","158","Puce","Orange","264962013","RU"
"1985","2020","2030","166","Aquamarine","","632139386","PL"
"1989","2015","2025","200","Blue","Blue","473403793","CN"
"1972","2020","2030","174","Yellow","Fuscia","749833474","PL"
"1987","2017","2027","160","Violet","Puce","972263019","PL"
"1973","2020","2030","155","Purple","Goldenrod","488439847","SY"
"1992","2022","2032","207","Fuscia","Goldenrod","891965335","UA"
"1997","2014","2024","202","Yellow","Maroon","820369590","OM"
"1985","2013","2023","","Teal","Pink","255495517","ID"
"1980","2018","2028","195","Crimson","Khaki","829565389","MX"
"1992","2013","2023","183","Khaki","Teal","997878035",""
"1983","2015","2025","196","Turquoise","Aquamarine","285265058","LR"
"1977","2014","2024","199","Turquoise","Aquamarine","531246353","FK"
"2004","2022","2032","165","Teal","Blue","927002664",""
"1976","2015","2025","159","Aquamarine","","952612850","CN"
"1976","2014","2024","193","Indigo","Turquoise","631382488","UZ"
"1983","2013","2023","206","Violet","Green","815257686","CN"
"1982","2021","","180","Khaki","","713580248","BR"
"1976","2014","2024","151","Crimson","Teal","953161849","PE"
"1985","2015","2025","155","Goldenrod","Maroon","567014447","RU"
"1996","2013","2023","184","Goldenrod","Maroon","176129464","PE"
"2001","2017","2027","200","Violet","Orange","453771350","BR"
"2003","2015","2025","151","Blue","Red","121516324",""
"1981","2015","2025","159","","Violet","",""
"1984","2021","2031","203","Goldenrod","Teal","499924489","CA"
"1985","2014","","175","Puce","","680867204","RU"
"1993","2012","2022","168","Orange","Blue","890832889","CN"
"1998","2016","2026","165","Crimson","Aquamarine","182447465","CN"
"1987","2012","2022","159","Blue","Teal","729326274","RU"
"1973","2016","2026","150","Indigo","","683441069","RU"
"2004","2017","2027","195","Violet","","882760955",""
"1999","2020","2030","188","Aquamarine","Crimson","199969938","PL"
"1998","2020","2030","178","Khaki","Khaki","337039792","VN"
"1975","2021","2031","159","Crimson","Turquoise","265679065","LV"
"1971","2018","2028","","Yellow","Teal","664064523","UG"
"1995","2012","2022","194","Blue","Khaki","103121969","HR"
"1984","2018","2028","194","Red","Aquamarine","999034448","BD"
"1998","2021","2031","170","","Goldenrod","416602459","RU"
"1999","2021","2031","189","Violet","Turquoise","869062257",""
"1974","2013","2023","171","Orange","","545783499",""
"1988","2012","2022","202","Orange","Mauv","642628526","VN"
"1975","2020","2030","206","Aquamarine","Pink","629372114","CO"
"2001","2019","2029","194","Fuscia","Crimson","250108474","FM"
"1977","2020","2030","178","","","733074567","RU"
"1999","2019","2029","153","Yellow","Turquoise","254484118","CN"
"2000","2015","2025","209","Khaki","Purple","758371651","UG"
"1991","2017","2027","197","Crimson","Maroon","453338974","GR"
"1993","2013","2023","181","Pink","Orange","656366347","ID"
"1998","2020","2030","168","Turquoise","Blue","365049659","IE"
"1991","2012","2022","192","","Yellow","263469047","PH"
"1988","2021","2031","159","Blue","Purple","871568828","CO"
"1993","2012","2022","170","Green","Crimson","261174918","CH"
"1982","2016","2026","187","Purple","Khaki","121633357","BR"
"1979","2021","2031","153","Khaki","Goldenrod","612564143","MY"
"1979","2017","2027","175","Indigo","Orange","955323142","CO"
"1982","2016","2026","164","Blue","Pink","475886572","CN"
"1970","2013","2023","173","Blue","","632951075","CN"
"1977","2014","2024","185","Indigo","Purple","794364617","GR"
"1971","2020","2030","195","Puce","Red","145692881","MX"
"1974","2019","2029","176","Yellow","Orange","129648428","FI"
"1990","2022","2032","197","Red","Maroon","404593828","AU"
"1993","2018","2028","161","Teal","Yellow","266635868","CN"
"1981","2015","2025","188","Teal","Purple","437303258","NO"
"1984","2017","2027","183","Khaki","Yellow","239764760","ID"
"2004","2017","2027","178","Crimson","Orange","491983232","ID"
"1995","2017","2027","168","Turquoise","Maroon","279374496","CA"
"1984","2016","2026","166","Maroon","Fuscia","","VE"
"1993","2019","2029","194","Indigo","Red","649598640","CZ"
"1976","2013","2023","","Fuscia","Green","325576239",""
"2001","2014","2024","162","Teal","Turquoise","487923727","CN"
"1988","2017","2027","166","Indigo","Orange","533748437","US"
"1994","2016","","180","Maroon","Orange","236939399",""
"1987","2021","2031","181","Purple","Maroon","715702773","PE"
"1971","2022","2032","169","Indigo","Purple","889676275","ID"
"1990","2019","2029","152","","Violet","964171248","SE"
"2004","2017","2027","190","Orange","Khaki","852178007","CA"
"1977","2017","2027","155","Puce","Maroon","985341190","US"
"1978","2016","2026","200","Orange","Indigo","454120289","PL"
"2001","2018","2028","173","Goldenrod","Indigo","937836443","CN"
"1993","2019","2029","","Mauv","Fuscia","773918081","LV"
"1998","2022","2032","168","Khaki","Violet","312450733","TZ"
"1998","2019","2029","","Khaki","Green","","RU"
"2001","2022","2032","163","Indigo","Pink","302335453","CN"
"1979","2017","2027","196","Turquoise","Violet","700874481","ID"
"1974","2014","2024","157","Teal","Purple","364106843","PS"
"1971","2014","2024","183","Crimson","Yellow","780834796","CN"
"1984","2017","2027","159","Teal","Teal","327845721","CN"
"1973","2022","2032","207","Blue","Purple","723316281","CN"
"1974","2015","2025","204","Crimson","Fuscia","126681837",""
"1973","2012","2022","170","Red","Turquoise","436837095","CN"
"1996","2018","2028","194","Pink","Maroon","","PH"
"2000","2014","2024","159","Teal","Khaki","583040003","ID"
"1970","2012","2022","184","Mauv","","876018812","MM"
"1985","2020","2030","160","Turquoise","Aquamarine","888966682","PL"
